{"cameraMode":{"drawMode":0,"name":"Shaded","section":"Shading Mode"},"sceneLighting":false,"audioPlay":false,"sceneViewState":{"m_AlwaysRefresh":false,"showFog":true,"showSkybox":false,"showFlares":true,"showImageEffects":true,"showParticleSystems":true,"showVisualEffectGraphs":true,"m_FxEnabled":true},"in2DMode":false,"pivot":{"x":1.4148483276367188,"y":4.546520709991455,"z":-54.01139450073242},"rotation":{"x":0.2726369798183441,"y":0.19739378988742829,"z":-0.05723424628376961,"w":0.939929723739624},"size":0.0024301582016050817,"orthographic":false}