{"cameraMode":{"drawMode":0,"name":"Shaded","section":"Shading Mode"},"sceneLighting":false,"audioPlay":false,"sceneViewState":{"m_AlwaysRefresh":false,"showFog":true,"showSkybox":false,"showFlares":true,"showImageEffects":true,"showParticleSystems":true,"showVisualEffectGraphs":true,"m_FxEnabled":true},"in2DMode":false,"pivot":{"x":1.3558634519577027,"y":3.2757515907287599,"z":-47.317806243896487},"rotation":{"x":-0.00043162531801499426,"y":0.9886494874954224,"z":-0.0029784387443214657,"w":-0.15032896399497987},"size":0.29895398020744326,"orthographic":false}