{"cameraMode":{"drawMode":0,"name":"Shaded","section":"Shading Mode"},"sceneLighting":false,"audioPlay":false,"sceneViewState":{"m_AlwaysRefresh":false,"showFog":true,"showSkybox":false,"showFlares":true,"showImageEffects":true,"showParticleSystems":true,"showVisualEffectGraphs":true,"m_FxEnabled":true},"in2DMode":false,"pivot":{"x":0.6224091649055481,"y":3.2967967987060549,"z":-47.082096099853519},"rotation":{"x":0.002203027717769146,"y":0.9967836737632752,"z":-0.07490808516740799,"w":0.029014017432928087},"size":0.1971307396888733,"orthographic":false}