{"cameraMode":{"drawMode":0,"name":"Shaded","section":"Shading Mode"},"sceneLighting":false,"audioPlay":false,"sceneViewState":{"m_AlwaysRefresh":false,"showFog":true,"showSkybox":false,"showFlares":true,"showImageEffects":true,"showParticleSystems":true,"showVisualEffectGraphs":true,"m_FxEnabled":true},"in2DMode":false,"pivot":{"x":1.4362787008285523,"y":3.2012102603912355,"z":-47.188663482666019},"rotation":{"x":-0.008647291921079159,"y":0.9862126111984253,"z":-0.05480393394827843,"w":-0.15601931512355805},"size":0.23747681081295014,"orthographic":false}