{"cameraMode":{"drawMode":0,"name":"Shaded","section":"Shading Mode"},"sceneLighting":false,"audioPlay":false,"sceneViewState":{"m_AlwaysRefresh":false,"showFog":true,"showSkybox":false,"showFlares":true,"showImageEffects":true,"showParticleSystems":true,"showVisualEffectGraphs":true,"m_FxEnabled":true},"in2DMode":false,"pivot":{"x":1.6299999952316285,"y":0.5431194305419922,"z":-40.43499755859375},"rotation":{"x":0.21870547533035279,"y":-0.19890138506889344,"z":0.04562034457921982,"w":0.9542383551597595},"size":1.7474719285964966,"orthographic":false}