{"cameraMode":{"drawMode":0,"name":"Shaded","section":"Shading Mode"},"sceneLighting":false,"audioPlay":false,"sceneViewState":{"m_AlwaysRefresh":false,"showFog":true,"showSkybox":true,"showFlares":true,"showImageEffects":true,"showParticleSystems":true,"showVisualEffectGraphs":true,"m_FxEnabled":false},"in2DMode":false,"pivot":{"x":11.433083534240723,"y":13.670166969299317,"z":40.39106750488281},"rotation":{"x":-0.3012446463108063,"y":-0.0025592786259949209,"z":0.0008107783505693078,"w":-0.9535696506500244},"size":39.99791717529297,"orthographic":true}