{"cameraMode":{"drawMode":0,"name":"Shaded","section":"Shading Mode"},"sceneLighting":false,"audioPlay":false,"sceneViewState":{"m_AlwaysRefresh":false,"showFog":true,"showSkybox":true,"showFlares":true,"showImageEffects":true,"showParticleSystems":true,"showVisualEffectGraphs":true,"m_FxEnabled":false},"in2DMode":false,"pivot":{"x":104.65869140625,"y":25.38725471496582,"z":16.660018920898439},"rotation":{"x":0.46783778071403506,"y":-0.013258449733257294,"z":0.007014289032667875,"w":0.8836950063705444},"size":3.474747657775879,"orthographic":true}