{"cameraMode":{"drawMode":0,"name":"Shaded","section":"Shading Mode"},"sceneLighting":true,"audioPlay":false,"sceneViewState":{"m_AlwaysRefresh":false,"showFog":true,"showSkybox":true,"showFlares":true,"showImageEffects":true,"showParticleSystems":true,"showVisualEffectGraphs":true,"m_FxEnabled":true},"in2DMode":false,"pivot":{"x":136.58248901367188,"y":511.1693115234375,"z":1.31744384765625},"rotation":{"x":0.003600500989705324,"y":0.0006264740950427949,"z":-0.00003918404036085121,"w":1.0000165700912476},"size":576.2073364257813,"orthographic":false}