{"cameraMode":{"drawMode":0,"name":"Shaded","section":"Shading Mode"},"sceneLighting":false,"audioPlay":false,"sceneViewState":{"m_AlwaysRefresh":false,"showFog":true,"showSkybox":true,"showFlares":true,"showImageEffects":true,"showParticleSystems":true,"showVisualEffectGraphs":true,"m_FxEnabled":false},"in2DMode":false,"pivot":{"x":650.0249633789063,"y":505.5079040527344,"z":283.698974609375},"rotation":{"x":0.023396199569106103,"y":0.005998261272907257,"z":-0.00014063903654459864,"w":0.9997087717056274},"size":721.7407836914063,"orthographic":false}