{"cameraMode":{"drawMode":0,"name":"Shaded","section":"Shading Mode"},"sceneLighting":false,"audioPlay":false,"sceneViewState":{"m_AlwaysRefresh":false,"showFog":true,"showSkybox":false,"showFlares":true,"showImageEffects":true,"showParticleSystems":true,"showVisualEffectGraphs":true,"m_FxEnabled":true},"in2DMode":false,"pivot":{"x":-0.9788480997085571,"y":2.610668182373047,"z":-51.00661087036133},"rotation":{"x":-0.0011543628061190248,"y":0.9947264790534973,"z":-0.10212665051221848,"w":-0.011641704477369786},"size":1.6371190547943116,"orthographic":false}