{"cameraMode":{"drawMode":0,"name":"Shaded","section":"Shading Mode"},"sceneLighting":false,"audioPlay":false,"sceneViewState":{"m_AlwaysRefresh":false,"showFog":true,"showSkybox":false,"showFlares":true,"showImageEffects":true,"showParticleSystems":true,"showVisualEffectGraphs":true,"m_FxEnabled":false},"in2DMode":false,"pivot":{"x":1.6549996137619019,"y":0.6301174163818359,"z":-40.01000213623047},"rotation":{"x":0.3522685766220093,"y":0.00589598948135972,"z":-0.0022197009529918434,"w":0.9358808994293213},"size":1.5491012334823609,"orthographic":false}