{"cameraMode":{"drawMode":0,"name":"Shaded","section":"Shading Mode"},"sceneLighting":false,"audioPlay":false,"sceneViewState":{"m_AlwaysRefresh":false,"showFog":true,"showSkybox":false,"showFlares":true,"showImageEffects":true,"showParticleSystems":true,"showVisualEffectGraphs":true,"m_FxEnabled":true},"in2DMode":false,"pivot":{"x":-0.11347699165344238,"y":1.4503713846206666,"z":-49.84983825683594},"rotation":{"x":0.058130234479904178,"y":-0.14739468693733216,"z":0.008693646639585495,"w":0.9873475432395935},"size":2.3227150440216066,"orthographic":false}