{"cameraMode":{"drawMode":0,"name":"Shaded","section":"Shading Mode"},"sceneLighting":false,"audioPlay":false,"sceneViewState":{"m_AlwaysRefresh":false,"showFog":true,"showSkybox":false,"showFlares":true,"showImageEffects":true,"showParticleSystems":true,"showVisualEffectGraphs":true,"m_FxEnabled":true},"in2DMode":false,"pivot":{"x":0.34462976455688479,"y":3.560091018676758,"z":-48.71014404296875},"rotation":{"x":-0.01828218810260296,"y":-0.05486679449677467,"z":0.0009870417416095734,"w":-0.9983412027359009},"size":2.7199079990386965,"orthographic":false}