{"cameraMode":{"drawMode":0,"name":"Shaded","section":"Shading Mode"},"sceneLighting":false,"audioPlay":false,"sceneViewState":{"m_AlwaysRefresh":false,"showFog":true,"showSkybox":false,"showFlares":true,"showImageEffects":true,"showParticleSystems":true,"showVisualEffectGraphs":true,"m_FxEnabled":true},"in2DMode":false,"pivot":{"x":0.039460308849811557,"y":3.3664042949676515,"z":-47.930763244628909},"rotation":{"x":0.020792532712221147,"y":0.9656569957733154,"z":-0.2458612024784088,"w":0.08159530907869339},"size":0.2804966866970062,"orthographic":false}