{"cameraMode":{"drawMode":0,"name":"Shaded","section":"Shading Mode"},"sceneLighting":false,"audioPlay":false,"sceneViewState":{"m_AlwaysRefresh":false,"showFog":true,"showSkybox":false,"showFlares":true,"showImageEffects":true,"showParticleSystems":true,"showVisualEffectGraphs":true,"m_FxEnabled":true},"in2DMode":false,"pivot":{"x":0.7333418130874634,"y":3.354055881500244,"z":-47.64093017578125},"rotation":{"x":-0.009868234395980835,"y":0.9900668859481812,"z":-0.10465244948863983,"w":-0.09354189038276673},"size":0.2804966866970062,"orthographic":false}