{"cameraMode":{"drawMode":0,"name":"Shaded","section":"Shading Mode"},"sceneLighting":false,"audioPlay":false,"sceneViewState":{"m_AlwaysRefresh":false,"showFog":true,"showSkybox":false,"showFlares":true,"showImageEffects":true,"showParticleSystems":true,"showVisualEffectGraphs":true,"m_FxEnabled":true},"in2DMode":false,"pivot":{"x":0.08502642810344696,"y":5.091724872589111,"z":-13.495514869689942},"rotation":{"x":0.3417817950248718,"y":-0.6355987191200256,"z":0.3722826838493347,"w":0.5836528539657593},"size":0.22319433093070985,"orthographic":false}