{"cameraMode":{"drawMode":0,"name":"Shaded","section":"Shading Mode"},"sceneLighting":false,"audioPlay":false,"sceneViewState":{"m_AlwaysRefresh":false,"showFog":true,"showSkybox":false,"showFlares":true,"showImageEffects":true,"showParticleSystems":true,"showVisualEffectGraphs":true,"m_FxEnabled":true},"in2DMode":false,"pivot":{"x":0.7331717014312744,"y":3.5016725063323976,"z":-0.36316871643066409},"rotation":{"x":-0.011921321973204613,"y":0.9818498492240906,"z":0.06607402116060257,"w":0.17745259404182435},"size":2.287259340286255,"orthographic":false}