{"cameraMode":{"drawMode":0,"name":"Shaded","section":"Shading Mode"},"sceneLighting":false,"audioPlay":false,"sceneViewState":{"m_AlwaysRefresh":false,"showFog":true,"showSkybox":false,"showFlares":true,"showImageEffects":true,"showParticleSystems":true,"showVisualEffectGraphs":true,"m_FxEnabled":false},"in2DMode":false,"pivot":{"x":-0.07000017166137696,"y":2.6201164722442629,"z":-50.10552215576172},"rotation":{"x":-0.3995246887207031,"y":-0.003835264826193452,"z":0.0016739621059969068,"w":-0.916741132736206},"size":2.357851982116699,"orthographic":true}