{"cameraMode":{"drawMode":0,"name":"Shaded","section":"Shading Mode"},"sceneLighting":false,"audioPlay":false,"sceneViewState":{"m_AlwaysRefresh":false,"showFog":true,"showSkybox":false,"showFlares":true,"showImageEffects":true,"showParticleSystems":true,"showVisualEffectGraphs":true,"m_FxEnabled":true},"in2DMode":false,"pivot":{"x":-0.012738300487399102,"y":2.7642178535461427,"z":-50.10447692871094},"rotation":{"x":0.002349172020331025,"y":0.9929555654525757,"z":-0.11701986193656922,"w":0.019660644233226777},"size":0.4317642152309418,"orthographic":false}