{"cameraMode":{"drawMode":0,"name":"Shaded","section":"Shading Mode"},"sceneLighting":false,"audioPlay":false,"sceneViewState":{"m_AlwaysRefresh":false,"showFog":true,"showSkybox":false,"showFlares":true,"showImageEffects":true,"showParticleSystems":true,"showVisualEffectGraphs":true,"m_FxEnabled":true},"in2DMode":false,"pivot":{"x":-0.5211179256439209,"y":2.3262853622436525,"z":-0.33351147174835207},"rotation":{"x":0.16212065517902375,"y":0.6798350214958191,"z":-0.15793952345848084,"w":0.6975969672203064},"size":0.6360495686531067,"orthographic":false}