{"cameraMode":{"drawMode":0,"name":"Shaded","section":"Shading Mode"},"sceneLighting":false,"audioPlay":false,"sceneViewState":{"m_AlwaysRefresh":false,"showFog":true,"showSkybox":false,"showFlares":true,"showImageEffects":true,"showParticleSystems":true,"showVisualEffectGraphs":true,"m_FxEnabled":true},"in2DMode":false,"pivot":{"x":1.0075829029083253,"y":3.9712281227111818,"z":-51.942386627197269},"rotation":{"x":0.17581044137477876,"y":-0.07933856546878815,"z":0.014230682514607907,"w":0.981137752532959},"size":1.6844539642333985,"orthographic":false}