{"cameraMode":{"drawMode":0,"name":"Shaded","section":"Shading Mode"},"sceneLighting":false,"audioPlay":false,"sceneViewState":{"m_AlwaysRefresh":false,"showFog":true,"showSkybox":false,"showFlares":true,"showImageEffects":true,"showParticleSystems":true,"showVisualEffectGraphs":true,"m_FxEnabled":true},"in2DMode":false,"pivot":{"x":1.4606702327728272,"y":3.2836415767669679,"z":-50.16413879394531},"rotation":{"x":0.07546931505203247,"y":-0.7718997597694397,"z":0.09332552552223206,"w":0.6243420839309692},"size":0.1536860316991806,"orthographic":false}