{"cameraMode":{"drawMode":0,"name":"Shaded","section":"Shading Mode"},"sceneLighting":false,"audioPlay":false,"sceneViewState":{"m_AlwaysRefresh":false,"showFog":true,"showSkybox":false,"showFlares":true,"showImageEffects":true,"showParticleSystems":true,"showVisualEffectGraphs":true,"m_FxEnabled":false},"in2DMode":false,"pivot":{"x":-0.06488227844238281,"y":0.41600000858306887,"z":0.2689530849456787},"rotation":{"x":0.3522685766220093,"y":0.00589598948135972,"z":-0.0022197009529918434,"w":0.9358808994293213},"size":1.9684913158416749,"orthographic":false}