{"cameraMode":{"drawMode":0,"name":"Shaded","section":"Shading Mode"},"sceneLighting":false,"audioPlay":false,"sceneViewState":{"m_AlwaysRefresh":false,"showFog":true,"showSkybox":false,"showFlares":true,"showImageEffects":true,"showParticleSystems":true,"showVisualEffectGraphs":true,"m_FxEnabled":false},"in2DMode":false,"pivot":{"x":-0.04926544427871704,"y":2.639835834503174,"z":-49.85907745361328},"rotation":{"x":-0.3995246887207031,"y":-0.003835264826193452,"z":0.0016739621059969068,"w":-0.916741132736206},"size":1.9339934587478638,"orthographic":true}