{"cameraMode":{"drawMode":0,"name":"Shaded","section":"Shading Mode"},"sceneLighting":false,"audioPlay":false,"sceneViewState":{"m_AlwaysRefresh":false,"showFog":true,"showSkybox":false,"showFlares":true,"showImageEffects":true,"showParticleSystems":true,"showVisualEffectGraphs":true,"m_FxEnabled":false},"in2DMode":false,"pivot":{"x":0.06577908992767334,"y":2.8241288661956789,"z":-50.02394104003906},"rotation":{"x":-0.3995246887207031,"y":-0.003835264826193452,"z":0.0016739621059969068,"w":-0.916741132736206},"size":1.932068109512329,"orthographic":true}