{"cameraMode":{"drawMode":0,"name":"Shaded","section":"Shading Mode"},"sceneLighting":false,"audioPlay":false,"sceneViewState":{"m_AlwaysRefresh":false,"showFog":true,"showSkybox":false,"showFlares":true,"showImageEffects":true,"showParticleSystems":true,"showVisualEffectGraphs":true,"m_FxEnabled":true},"in2DMode":false,"pivot":{"x":-0.16207344830036164,"y":3.101876974105835,"z":-50.19631576538086},"rotation":{"x":0.000005310777396516642,"y":-0.9999891519546509,"z":0.0018098802538588644,"w":0.0077905431389808659},"size":1.466978669166565,"orthographic":false}