{"cameraMode":{"drawMode":0,"name":"Shaded","section":"Shading Mode"},"sceneLighting":false,"audioPlay":false,"sceneViewState":{"m_AlwaysRefresh":false,"showFog":true,"showSkybox":false,"showFlares":true,"showImageEffects":true,"showParticleSystems":true,"showVisualEffectGraphs":true,"m_FxEnabled":true},"in2DMode":false,"pivot":{"x":0.4885052740573883,"y":2.8498032093048097,"z":-50.205535888671878},"rotation":{"x":0.000005310777396516642,"y":-0.9999891519546509,"z":0.0018098802538588644,"w":0.0077905431389808659},"size":1.7493993043899537,"orthographic":false}