{"cameraMode":{"drawMode":0,"name":"Shaded","section":"Shading Mode"},"sceneLighting":false,"audioPlay":false,"sceneViewState":{"m_AlwaysRefresh":false,"showFog":true,"showSkybox":false,"showFlares":true,"showImageEffects":true,"showParticleSystems":true,"showVisualEffectGraphs":true,"m_FxEnabled":true},"in2DMode":false,"pivot":{"x":3.1777963638305666,"y":1.1318199634552003,"z":-40.339481353759769},"rotation":{"x":0.15050600469112397,"y":-0.5973380208015442,"z":0.11540376394987107,"w":0.7792706489562988},"size":0.8321125507354736,"orthographic":false}