{"cameraMode":{"drawMode":0,"name":"Shaded","section":"Shading Mode"},"sceneLighting":false,"audioPlay":false,"sceneViewState":{"m_AlwaysRefresh":false,"showFog":true,"showSkybox":false,"showFlares":true,"showImageEffects":true,"showParticleSystems":true,"showVisualEffectGraphs":true,"m_FxEnabled":true},"in2DMode":false,"pivot":{"x":0.9170524477958679,"y":3.0313620567321779,"z":-47.35210037231445},"rotation":{"x":0.0028896057046949865,"y":-0.9956321120262146,"z":0.03317822143435478,"w":0.08744750916957855},"size":0.49151384830474856,"orthographic":false}