{"cameraMode":{"drawMode":0,"name":"Shaded","section":"Shading Mode"},"sceneLighting":false,"audioPlay":false,"sceneViewState":{"m_AlwaysRefresh":false,"showFog":true,"showSkybox":false,"showFlares":true,"showImageEffects":true,"showParticleSystems":true,"showVisualEffectGraphs":true,"m_FxEnabled":false},"in2DMode":false,"pivot":{"x":3.2905452251434328,"y":0.7599999904632568,"z":-40.099998474121097},"rotation":{"x":0.3522685766220093,"y":0.00589598948135972,"z":-0.0022197009529918434,"w":0.9358808994293213},"size":2.377261161804199,"orthographic":false}